{
  "project_info": {
    "project_number": "926355278278",
    "project_id": "dermahealth-7cbf2",
    "storage_bucket": "dermahealth-7cbf2.firebasestorage.app"
  },
  "client": [
    {
      "client_info": {
        "mobilesdk_app_id": "1:926355278278:android:c7abc8a0020b026881cac7",
        "android_client_info": {
          "package_name": "com.example.dermahealth"
        }
      },
      "oauth_client": [],
      "api_key": [
        {
          "current_key": "AIzaSyBXRbIvgPfRPFjf_fqJCPn1oUarFtF8bgI"
        }
      ],
      "services": {
        "appinvite_service": {
          "other_platform_oauth_client": []
        }
      }
    }
  ],
  "configuration_version": "1"
}